Fecha,Tmax,Tmin,PP
2021-01-01,18.4,8.8,0.0
2021-01-02,19.0,9.8,4.2
2021-01-03,18.8,9.0,0.0
2021-01-04,18.4,11.6,0.0
2021-01-05,17.8,9.6,0.0
2021-01-06,17.2,10.2,0.0
2021-01-07,18.0,7.4,2.3
2021-01-08,16.8,11.3,0.0
2021-01-09,17.8,11.5,8.5
2021-01-10,20.4,10.6,3.2
2021-01-11,19.8,8.8,0.0
2021-01-12,19.4,10.2,0.4
2021-01-13,20.2,11.2,3.6
2021-01-14,18.6,11.8,12.4
2021-01-15,17.2,10.6,10.0
2021-01-16,16.8,12.2,4.3
2021-01-17,15.4,11.6,0.4
2021-01-18,16.8,12.4,10.8
2021-01-19,15.8,11.8,6.6
2021-01-20,16.2,11.6,6.9
2021-01-21,18.8,11.0,15.9
2021-01-22,19.4,10.2,2.5
2021-01-23,16.2,12.5,0.4
2021-01-24,18.2,12.0,5.7
2021-01-25,18.4,11.2,0.0
2021-01-26,17.8,11.0,0.4
2021-01-27,18.2,10.0,11.4
2021-01-28,19.8,11.5,4.4
2021-01-29,17.8,12.2,0.0
2021-01-30,20.2,10.4,0.6
2021-01-31,22.0,9.6,0.0
2021-02-01,20.2,9.4,0.0
2021-02-02,20.0,9.2,0.0
2021-02-03,20.2,8.2,0.0
2021-02-04,21.2,11.5,1.8
2021-02-05,20.8,12.2,6.2
2021-02-06,22.4,11.0,0.0
2021-02-07,20.4,9.8,0.0
2021-02-08,19.8,9.4,0.0
2021-02-09,21.0,10.2,0.0
2021-02-10,20.2,12.4,0.0
2021-02-11,19.0,7.2,3.2
2021-02-12,17.2,12.2,0.4
2021-02-13,19.8,10.6,0.0
2021-02-14,20.8,8.6,0.0
2021-02-15,17.8,8.2,0.0
2021-02-16,17.2,7.6,2.1
2021-02-17,18.4,6.5,0.0
2021-02-18,19.0,7.0,0.0
2021-02-19,21.8,6.2,0.0
2021-02-20,21.2,6.5,0.0
2021-02-21,20.2,7.4,0.0
2021-02-22,19.4,9.8,0.0
2021-02-23,20.6,9.6,0.8
2021-02-24,22.8,8.6,0.0
2021-02-25,20.0,11.2,0.6
2021-02-26,19.8,8.8,0.0
2021-02-27,20.0,11.5,0.0
2021-02-28,19.2,10.8,7.8
2021-03-01,19.0,12.5,0.0
2021-03-02,18.0,11.6,24.6
2021-03-03,17.4,11.2,8.4
2021-03-04,17.2,11.0,16.3
2021-03-05,17.4,12.0,33.9
2021-03-06,20.8,9.8,0.0
2021-03-07,18.0,11.3,24.1
2021-03-08,18.4,11.0,32.8
2021-03-09,16.0,12.0,58.6
2021-03-10,16.8,10.5,8.6
2021-03-11,17.6,10.6,43.6
2021-03-12,18.8,10.4,40.8
2021-03-13,19.2,8.8,0.0
2021-03-14,18.8,8.2,0.0
2021-03-15,18.0,10.0,8.6
2021-03-16,15.6,10.5,11.8
2021-03-17,19.2,9.6,0.0
2021-03-18,19.4,8.5,11.8
2021-03-19,18.8,11.5,0.0
2021-03-20,17.8,6.8,0.0
2021-03-21,17.8,8.0,0.0
2021-03-22,17.6,9.4,1.6
2021-03-23,19.8,9.5,1.4
2021-03-24,19.2,10.0,0.0
2021-03-25,18.8,7.6,3.8
2021-03-26,19.4,9.4,13.2
2021-03-27,19.2,11.2,0.8
2021-03-28,19.4,10.0,0.0
2021-03-29,19.8,12.5,4.4
2021-03-30,20.2,11.0,9.1
2021-03-31,21.2,10.6,2.4
2021-04-01,21.4,11.4,0.4
2021-04-02,20.6,12.2,2.1
2021-04-03,19.6,12.0,7.4
2021-04-04,19.2,10.0,11.4
2021-04-05,19.8,10.2,17.5
2021-04-06,20.2,11.5,3.4
2021-04-07,21.0,11.2,5.4
2021-04-08,19.4,11.0,2.6
2021-04-09,19.8,10.5,4.8
2021-04-10,20.2,11.4,5.4
2021-04-11,20.6,10.2,0.3
2021-04-12,21.8,9.5,0.0
2021-04-13,22.2,11.6,0.0
2021-04-14,20.8,10.5,5.8
2021-04-15,17.8,10.8,0.0
2021-04-16,18.8,8.4,2.2
2021-04-17,21.2,9.4,0.0
2021-04-18,19.2,9.6,8.9
2021-04-19,20.0,9.5,5.5
2021-04-20,19.4,8.2,0.6
2021-04-21,20.8,9.2,6.4
2021-04-22,19.4,10.2,0.0
2021-04-23,19.8,10.0,0.0
2021-04-24,20.0,12.2,0.0
2021-04-25,19.6,11.8,1.4
2021-04-26,20.2,10.2,1.7
2021-04-27,19.4,11.4,0.0
2021-04-28,18.4,10.0,0.0
2021-04-29,19.4,7.2,0.0
2021-04-30,17.6,11.2,2.8
2021-05-01,15.6,11.2,3.8
2021-05-02,18.2,8.4,0.6
2021-05-03,16.6,8.5,0.9
2021-05-04,20.6,8.0,1.6
2021-05-05,20.4,8.2,1.7
2021-05-06,19.4,8.6,0.0
2021-05-07,20.0,7.8,2.8
2021-05-08,20.8,10.6,0.8
2021-05-09,22.2,7.6,0.0
2021-05-10,23.8,7.0,0.0
2021-05-11,23.6,7.8,0.0
2021-05-12,21.2,7.5,0.0
2021-05-13,20.6,8.5,0.0
2021-05-14,21.8,8.6,0.6
2021-05-15,20.8,10.2,1.4
2021-05-16,18.8,13.0,3.6
2021-05-17,20.4,9.2,2.9
2021-05-18,18.2,11.8,1.8
2021-05-19,22.6,11.0,0.0
2021-05-20,21.0,9.0,0.0
2021-05-21,21.8,8.0,0.0
2021-05-22,20.6,10.2,0.3
2021-05-23,20.2,10.4,1.6
2021-05-24,20.4,9.0,0.0
2021-05-25,20.0,9.2,0.0
2021-05-26,19.2,7.5,0.0
2021-05-27,20.8,7.4,0.0
2021-05-28,19.0,8.0,0.0
2021-05-29,19.8,7.6,0.0
2021-05-30,18.8,12.2,0.0
2021-05-31,18.0,10.4,0.0
2021-06-01,21.4,9.0,0.0
2021-06-02,21.6,10.2,0.0
2021-06-03,21.0,8.2,0.0
2021-06-04,21.2,8.0,0.3
2021-06-05,21.6,8.2,1.4
2021-06-06,21.0,10.0,2.2
2021-06-07,20.6,10.2,5.2
2021-06-08,19.8,10.5,3.2
2021-06-09,17.8,8.5,0.0
2021-06-10,20.8,10.2,0.0
2021-06-11,23.6,9.2,0.0
2021-06-12,21.2,8.5,0.0
2021-06-13,19.4,9.0,0.0
2021-06-14,20.0,8.0,0.0
2021-06-15,20.2,8.5,0.0
2021-06-16,20.0,7.4,0.0
2021-06-17,21.2,7.6,0.0
2021-06-18,20.8,8.2,0.0
2021-06-19,19.8,8.4,0.4
2021-06-20,19.6,8.6,1.4
2021-06-21,21.2,8.2,0.0
2021-06-22,22.0,8.0,0.0
2021-06-23,20.0,7.2,0.0
2021-06-24,19.2,7.4,0.0
2021-06-25,22.4,7.0,0.0
2021-06-26,19.8,5.2,0.0
2021-06-27,22.6,7.0,0.0
2021-06-28,21.6,7.0,0.0
2021-06-29,22.2,10.2,0.0
2021-06-30,21.8,8.8,3.6
2021-07-01,19.2,6.2,0.0
2021-07-02,21.8,6.0,0.0
2021-07-03,22.6,5.5,0.0
2021-07-04,21.4,6.0,0.0
2021-07-05,21.8,6.2,0.0
2021-07-06,22.6,6.5,0.0
2021-07-07,23.2,6.8,0.0
2021-07-08,20.2,6.2,0.0
2021-07-09,19.0,7.0,0.0
2021-07-10,20.4,7.2,0.0
2021-07-11,21.8,8.2,0.0
2021-07-12,18.8,9.6,0.0
2021-07-13,21.4,6.2,0.0
2021-07-14,21.2,7.4,0.0
2021-07-15,21.4,6.4,0.0
2021-07-16,20.6,8.2,0.0
2021-07-17,21.0,7.6,2.2
2021-07-18,20.6,10.4,0.0
2021-07-19,22.8,7.2,0.0
2021-07-20,21.8,7.5,0.0
2021-07-21,23.2,6.8,0.0
2021-07-22,22.6,7.0,0.0
2021-07-23,22.6,6.5,0.0
2021-07-24,22.2,6.6,0.0
2021-07-25,22.2,6.2,0.0
2021-07-26,21.0,7.0,0.0
2021-07-27,19.2,6.2,0.0
2021-07-28,21.2,7.4,0.0
2021-07-29,20.4,7.0,0.0
2021-07-30,23.6,7.8,0.0
2021-07-31,22.8,7.5,0.0
2021-08-01,24.0,8.8,0.0
2021-08-02,23.8,7.2,0.0
2021-08-03,23.8,6.8,0.0
2021-08-04,24.2,5.8,0.0
2021-08-05,20.2,5.2,0.0
2021-08-06,19.8,6.4,0.0
2021-08-07,20.8,6.2,0.0
2021-08-08,19.8,5.8,0.0
2021-08-09,22.8,7.2,0.0
2021-08-10,21.2,8.2,0.0
2021-08-11,21.4,8.6,0.0
2021-08-12,20.0,7.8,0.0
2021-08-13,21.2,9.4,0.0
2021-08-14,20.8,8.6,0.0
2021-08-15,20.2,9.0,0.0
2021-08-16,21.4,9.2,0.0
2021-08-17,20.0,8.4,0.0
2021-08-18,20.6,8.5,0.0
2021-08-19,19.4,8.4,0.0
2021-08-20,20.2,7.2,0.0
2021-08-21,21.4,7.8,0.0
2021-08-22,22.8,8.4,0.0
2021-08-23,21.0,8.2,0.5
2021-08-24,20.2,8.5,0.0
2021-08-25,22.0,8.0,0.0
2021-08-26,21.0,11.2,0.6
2021-08-27,20.0,8.4,0.0
2021-08-28,20.2,8.5,0.0
2021-08-29,20.2,11.2,4.2
2021-08-30,20.0,10.6,10.3
2021-08-31,20.4,10.2,1.8
2021-09-01,23.2,7.8,0.0
2021-09-02,19.4,7.6,0.0
2021-09-03,21.4,8.2,0.0
2021-09-04,22.0,8.5,0.0
2021-09-05,19.4,8.6,1.3
2021-09-06,19.8,10.6,0.0
2021-09-07,19.6,9.5,0.0
2021-09-08,20.6,8.5,0.0
2021-09-09,21.6,11.0,2.4
2021-09-10,21.2,10.8,1.7
2021-09-11,17.0,11.2,3.8
2021-09-12,21.4,9.0,0.0
2021-09-13,20.0,10.0,0.0
2021-09-14,19.8,9.5,0.0
2021-09-15,20.0,10.0,0.0
2021-09-16,19.8,9.8,0.0
2021-09-17,24.4,10.6,0.0
2021-09-18,21.2,8.0,0.0
2021-09-19,20.4,8.6,0.0
2021-09-20,21.2,8.2,0.0
2021-09-21,19.8,8.4,0.0
2021-09-22,19.6,10.4,0.0
2021-09-23,23.6,9.4,0.0
2021-09-24,20.8,7.4,0.0
2021-09-25,24.0,9.8,0.0
2021-09-26,23.0,9.6,0.0
2021-09-27,20.8,8.0,0.0
2021-09-28,20.2,7.5,0.0
2021-09-29,21.2,7.8,2.2
2021-09-30,20.2,10.0,0.0
2021-10-01,20.8,10.2,4.2
2021-10-02,21.4,10.0,0.0
2021-10-03,20.4,10.4,0.8
2021-10-04,21.4,11.2,7.6
2021-10-05,19.8,12.0,3.7
2021-10-06,20.8,11.0,2.9
2021-10-07,19.8,10.5,0.0
2021-10-08,19.4,11.8,13.2
2021-10-09,19.6,12.0,1.6
2021-10-10,19.4,11.6,1.5
2021-10-11,21.0,9.8,0.0
2021-10-12,23.4,10.6,0.0
2021-10-13,24.4,11.5,0.0
2021-10-14,21.2,9.4,0.0
2021-10-15,19.6,11.6,4.8
2021-10-16,18.81,9.6,15.0
2021-10-17,20.4,11.4,0.9
2021-10-18,20.6,9.2,5.3
2021-10-19,17.6,11.5,23.2
2021-10-20,19.0,11.2,3.4
2021-10-21,16.6,10.0,4.2
2021-10-22,18.8,10.6,3.7
2021-10-23,19.8,10.0,10.4
2021-10-24,20.0,9.5,0.0
2021-10-25,19.2,10.8,0.0
2021-10-26,20.4,9.0,0.0
2021-10-27,20.2,9.6,0.0
2021-10-28,20.4,10.2,0.0
2021-10-29,19.6,10.6,0.0
2021-10-30,18.8,9.2,0.0
2021-10-31,18.8,9.6,0.0
2021-11-01,18.6,11.2,0.0
2021-11-02,17.8,10.2,0.0
2021-11-03,20.2,10.6,0.0
2021-11-04,19.0,11.0,0.0
2021-11-05,19.2,11.2,0.0
2021-11-06,18.8,11.5,0.0
2021-11-07,19.4,8.4,0.0
2021-11-08,19.8,12.4,0.0
2021-11-09,18.6,11.6,0.0
2021-11-10,18.6,7.0,0.0
2021-11-11,19.0,7.2,0.0
2021-11-12,19.8,9.0,0.0
2021-11-13,20.4,10.2,0.0
2021-11-14,20.4,8.5,0.0
2021-11-15,20.6,11.2,0.0
2021-11-16,20.0,11.5,0.0
2021-11-17,19.6,8.5,0.0
2021-11-18,18.2,8.6,0.0
2021-11-19,18.4,6.6,0.0
2021-11-20,18.6,7.5,0.0
2021-11-21,20.6,8.6,0.0
2021-11-22,19.2,10.6,0.0
2021-11-23,20.6,9.4,6.9
2021-11-24,15.4,10.5,1.2
2021-11-25,19.8,11.0,2.2
2021-11-26,20.2,11.2,0.4
2021-11-27,19.2,12.0,0.0
2021-11-28,18.8,10.8,2.8
2021-11-29,19.4,10.2,0.0
2021-11-30,20.0,10.5,0.0
2021-12-01,20.6,8.0,0.0
2021-12-02,19.0,10.6,0.0
2021-12-03,20.6,10.2,0.0
2021-12-04,21.0,12.4,4.2
2021-12-05,18.6,11.4,5.9
2021-12-06,20.6,12.5,1.0
2021-12-07,20.4,11.0,0.0
2021-12-08,22.0,9.5,0.0
2021-12-09,20.4,11.6,12.6
2021-12-10,17.2,12.2,3.6
2021-12-11,17.0,11.5,7.1
2021-12-12,17.8,11.6,0.0
2021-12-13,18.6,8.2,0.0
2021-12-14,16.8,7.0,0.0
2021-12-15,20.0,8.5,0.0
2021-12-16,21.8,11.6,0.9
2021-12-17,20.2,12.4,0.0
2021-12-18,19.2,11.0,0.3
2021-12-19,19.2,12.5,7.1
2021-12-20,18.4,11.6,1.4
2021-12-21,19.0,8.2,0.3
2021-12-22,18.4,11.5,0.0
2021-12-23,18.4,8.8,0.0
2021-12-24,20.2,9.0,0.0
2021-12-25,21.0,8.5,0.0
2021-12-26,20.0,7.8,0.0
2021-12-27,20.8,7.6,0.0
2021-12-28,20.6,8.0,0.0
2021-12-29,17.2,10.2,0.0
2021-12-30,19.0,9.0,0.0
2021-12-31,21.8,9.4,2.4
2022-01-01,19.6,10.6,1.8
2022-01-02,18.0,8.5,0.0
2022-01-03,19.8,11.5,0.0
2022-01-04,18.6,11.0,0.0
2022-01-05,19.0,8.5,0.0
2022-01-06,19.6,9.6,0.0
2022-01-07,19.8,8.6,0.0
2022-01-08,18.6,9.5,0.0
2022-01-09,19.2,8.4,0.0
2022-01-10,17.8,7.5,0.0
2022-01-11,19.2,8.4,0.0
2022-01-12,21.2,6.5,0.0
2022-01-13,21.4,6.4,0.0
2022-01-14,17.8,9.2,0.0
2022-01-15,17.2,9.6,3.3
2022-01-16,18.0,11.0,0.0
2022-01-17,20.0,7.4,9.4
2022-01-18,21.2,8.5,0.8
2022-01-19,21.6,8.2,0.0
2022-01-20,21.4,9.8,0.0
2022-01-21,21.2,12.4,0.0
2022-01-22,21.0,10.8,6.4
2022-01-23,19.2,11.8,0.0
2022-01-24,20.2,12.0,8.3
2022-01-25,19.4,11.6,9.8
2022-01-26,16.8,12.2,2.7
2022-01-27,19.4,10.2,0.0
2022-01-28,17.0,11.4,3.8
2022-01-29,16.8,9.5,3.6
2022-01-30,18.0,9.4,0.0
2022-01-31,18.4,6.0,0.0
2022-02-01,17.0,5.5,0.0
2022-02-02,19.8,6.6,0.0
2022-02-03,18.2,8.6,0.0
2022-02-04,19.4,9.2,0.0
2022-02-05,18.2,7.6,0.0
2022-02-06,17.4,11.6,0.0
2022-02-07,17.8,10.6,4.4
2022-02-08,18.0,12.2,5.1
2022-02-09,19.0,11.4,0.0
2022-02-10,18.4,11.5,4.8
2022-02-11,19.2,11.2,1.2
2022-02-12,18.0,11.4,9.9
2022-02-13,18.8,12.4,3.6
2022-02-14,18.6,12.2,0.0
2022-02-15,19.0,12.0,0.0
2022-02-16,19.4,11.0,9.9
2022-02-17,19.2,11.6,8.8
2022-02-18,18.8,12.5,4.2
2022-02-19,19.4,10.2,0.0
2022-02-20,19.8,8.6,0.0
2022-02-21,19.0,7.0,0.0
2022-02-22,17.1,9.2,0.5
2022-02-23,16.2,10.4,1.6
2022-02-24,17.2,10.2,0.3
2022-02-25,18.0,11.8,5.9
2022-02-26,19.6,12.5,5.0
2022-02-27,17.8,12.0,9.7
2022-02-28,16.4,11.6,2.6
2022-03-01,18.6,9.6,5.5
2022-03-02,19.2,10.2,5.4
2022-03-03,20.4,11.4,8.0
2022-03-04,18.0,11.5,3.0
2022-03-05,17.8,11.8,0.0
2022-03-06,18.4,8.2,0.0
2022-03-07,18.2,8.4,2.2
2022-03-08,17.8,9.4,10.1
2022-03-09,17.2,8.6,0.0
2022-03-10,18.8,8.0,0.0
2022-03-11,19.2,7.6,0.0
2022-03-12,18.4,7.8,9.1
2022-03-13,17.8,10.6,3.6
2022-03-14,14.4,10.5,5.8
2022-03-15,17.4,8.2,0.6
2022-03-16,17.6,8.4,0.8
2022-03-17,17.8,7.5,0.0
2022-03-18,20.2,10.5,0.0
2022-03-19,18.6,12.4,0.0
2022-03-20,18.6,12.2,14.2
2022-03-21,17.4,11.0,2.9
2022-03-22,20.4,11.2,0.9
2022-03-23,19.4,9.4,0.0
2022-03-24,19.6,9.2,11.8
2022-03-25,19.0,10.6,3.0
2022-03-26,15.2,12.4,3.2
2022-03-27,19.4,9.6,19.0
2022-03-28,18.4,12.6,7.2
2022-03-29,18.2,9.8,0.3
2022-03-30,18.6,10.6,3.6
2022-03-31,17.8,10.0,11.9
2022-04-01,17.6,12.5,14.0
2022-04-02,18.8,11.5,0.2
2022-04-03,19.0,12.4,3.5
2022-04-04,19.4,11.6,5.0
2022-04-05,21.0,8.6,0.3
2022-04-06,19.6,9.4,2.8
2022-04-07,19.0,11.0,0.0
2022-04-08,19.4,9.2,11.1
2022-04-09,19.0,9.4,4.0
2022-04-10,18.0,12.2,4.4
2022-04-11,19.8,11.6,6.6
2022-04-12,20.4,10.4,3.8
2022-04-13,20.2,10.0,0.7
2022-04-14,19.0,9.5,1.2
2022-04-15,20.6,9.6,1.4
2022-04-16,20.8,9.5,0.0
2022-04-17,20.8,9.6,0.0
2022-04-18,19.2,10.2,0.0
2022-04-19,17.8,9.2,3.2
2022-04-20,16.8,11.4,10.4
2022-04-21,15.6,11.2,2.2
2022-04-22,18.8,11.0,0.6
2022-04-23,19.0,10.2,3.0
2022-04-24,17.4,11.0,5.5
2022-04-25,18.4,9.4,0.0
2022-04-26,18.8,8.5,3.4
2022-04-27,20.2,9.5,0.0
2022-04-28,19.2,9.2,0.0
2022-04-29,19.0,9.4,0.0
2022-04-30,21.2,9.5,0.0
2022-05-01,21.4,8.2,0.0
2022-05-02,20.8,8.4,0.0
2022-05-03,21.0,9.4,0.0
2022-05-04,18.6,10.4,0.0
2022-05-05,17.8,11.5,6.8
2022-05-06,19.4,8.0,0.0
2022-05-07,20.0,9.2,0.0
2022-05-08,21.0,8.4,0.0
2022-05-09,21.2,9.0,0.0
2022-05-10,20.2,8.2,0.0
2022-05-11,20.6,9.8,0.0
2022-05-12,20.4,11.8,0.0
2022-05-13,20.8,9.8,0.4
2022-05-14,21.2,9.2,0.0
2022-05-15,19.8,7.6,0.7
2022-05-16,20.0,10.8,5.6
2022-05-17,20.6,8.6,0.6
2022-05-18,16.8,12.0,0.5
2022-05-19,18.0,10.6,0.0
2022-05-20,20.2,7.6,0.0
2022-05-21,20.2,8.5,0.0
2022-05-22,20.2,8.4,0.0
2022-05-23,20.8,7.4,0.0
2022-05-24,23.0,6.5,0.0
2022-05-25,21.2,8.8,0.0
2022-05-26,18.8,11.8,1.8
2022-05-27,20.2,8.0,0.0
2022-05-28,20.6,7.5,0.0
2022-05-29,22.4,7.0,0.0
2022-05-30,20.8,7.6,0.0
2022-05-31,18.6,7.5,0.0
2022-06-01,19.8,6.6,0.0
2022-06-02,19.6,6.5,1.4
2022-06-03,19.6,10.2,0.0
2022-06-04,18.2,9.4,0.0
2022-06-05,18.8,9.6,0.0
2022-06-06,22.0,8.5,0.0
2022-06-07,20.2,9.5,0.0
2022-06-08,18.4,10.2,0.0
2022-06-09,17.4,11.2,0.2
2022-06-10,19.4,8.4,0.0
2022-06-11,19.2,9.2,0.0
2022-06-12,20.4,7.6,0.0
2022-06-13,20.2,6.2,0.0
2022-06-14,20.6,6.2,0.0
2022-06-15,18.6,6.4,0.0
2022-06-16,21.4,6.5,0.0
2022-06-17,19.8,6.0,0.0
2022-06-18,20.2,6.4,0.0
2022-06-19,20.4,7.8,0.0
2022-06-20,21.2,7.4,0.0
2022-06-21,21.4,7.6,0.0
2022-06-22,18.8,7.0,0.0
2022-06-23,21.2,8.0,0.0
2022-06-24,18.8,7.0,0.9
2022-06-25,22.4,9.6,0.0
2022-06-26,19.8,6.8,0.0
2022-06-27,20.0,6.0,0.0
2022-06-28,22.2,6.0,0.0
2022-06-29,22.6,7.0,0.0
2022-06-30,19.8,6.2,0.0
2022-07-01,20.4,5.6,0.0
2022-07-02,24.2,6.0,0.0
2022-07-03,23.4,8.0,0.0
2022-07-04,22.2,7.6,0.0
2022-07-05,21.2,7.5,0.0
2022-07-06,22.6,9.0,0.0
2022-07-07,21.4,7.0,0.0
2022-07-08,20.4,6.8,0.0
2022-07-09,20.6,9.0,0.0
2022-07-10,20.2,8.5,0.0
2022-07-11,19.8,7.0,0.0
2022-07-12,20.6,9.5,0.0
2022-07-13,19.4,9.6,0.0
2022-07-14,20.2,6.6,0.0
2022-07-15,21.0,6.4,0.0
2022-07-16,21.2,8.4,0.0
2022-07-17,20.8,8.0,0.0
2022-07-18,21.6,9.2,0.0
2022-07-19,19.6,9.8,0.0
2022-07-20,21.0,6.6,0.0
2022-07-21,20.8,7.5,0.0
2022-07-22,21.4,6.8,0.0
2022-07-23,21.2,6.6,0.0
2022-07-24,20.0,7.0,0.0
2022-07-25,19.8,8.4,0.0
2022-07-26,19.6,10.6,0.0
2022-07-27,18.0,7.5,0.0
2022-07-28,20.8,8.2,0.0
2022-07-29,22.6,7.4,0.0
2022-07-30,20.2,6.0,0.0
2022-07-31,22.6,6.2,0.0
2022-08-01,21.4,6.4,0.0
2022-08-02,19.0,9.6,0.0
2022-08-03,20.6,7.4,0.0
2022-08-04,19.8,10.2,2.2
2022-08-05,20.0,8.2,0.0
2022-08-06,21.2,10.6,0.0
2022-08-07,19.0,10.4,0.0
2022-08-08,20.6,8.4,0.0
2022-08-09,20.8,10.4,0.0
2022-08-10,20.4,9.6,1.1
2022-08-11,20.0,8.5,0.0
2022-08-12,19.2,7.2,0.0
2022-08-13,20.2,7.0,0.0
2022-08-14,18.2,7.2,0.0
2022-08-15,20.0,7.0,0.0
2022-08-16,21.3,7.5,0.0
2022-08-17,21.0,8.4,0.0
2022-08-18,21.6,7.6,0.0
2022-08-19,20.0,7.5,0.0
2022-08-20,20.6,10.2,0.0
2022-08-21,20.8,6.8,0.0
2022-08-22,20.4,7.6,0.0
2022-08-23,19.6,7.4,0.0
2022-08-24,19.8,6.2,0.0
2022-08-25,22.0,6.0,0.0
2022-08-26,20.8,6.2,0.0
2022-08-27,19.6,6.2,0.0
2022-08-28,21.8,6.8,0.0
2022-08-29,20.8,8.4,0.0
2022-08-30,20.4,8.5,0.0
2022-08-31,19.8,6.2,0.0
2022-09-01,21.8,6.8,0.0
2022-09-02,22.6,7.5,0.0
2022-09-03,23.6,8.0,0.0
2022-09-04,20.4,7.6,0.0
2022-09-05,-999.0,8.2,-999.0
2022-09-06,-999.0,-999.0,-999.0
2022-09-07,-999.0,-999.0,-999.0
2022-09-08,-999.0,-999.0,-999.0
2022-09-09,-999.0,-999.0,-999.0
2022-09-10,-999.0,-999.0,-999.0
2022-09-11,-999.0,-999.0,-999.0
2022-09-12,-999.0,-999.0,-999.0
2022-09-13,-999.0,-999.0,-999.0
2022-09-14,-999.0,-999.0,-999.0
2022-09-15,-999.0,-999.0,-999.0
2022-09-16,-999.0,-999.0,-999.0
2022-09-17,-999.0,-999.0,-999.0
2022-09-18,-999.0,-999.0,-999.0
2022-09-19,-999.0,-999.0,-999.0
2022-09-20,-999.0,-999.0,-999.0
2022-09-21,-999.0,-999.0,-999.0
2022-09-22,-999.0,-999.0,-999.0
2022-09-23,-999.0,-999.0,-999.0
2022-09-24,-999.0,-999.0,-999.0
2022-09-25,-999.0,-999.0,-999.0
2022-09-26,-999.0,-999.0,-999.0
2022-09-27,-999.0,-999.0,-999.0
2022-09-28,-999.0,-999.0,-999.0
2022-09-29,-999.0,-999.0,-999.0
2022-09-30,-999.0,-999.0,-999.0
2022-10-01,-999.0,-999.0,-999.0
2022-10-02,-999.0,-999.0,-999.0
2022-10-03,-999.0,-999.0,-999.0
2022-10-04,-999.0,-999.0,-999.0
2022-10-05,-999.0,-999.0,-999.0
2022-10-06,-999.0,-999.0,-999.0
2022-10-07,-999.0,-999.0,-999.0
2022-10-08,-999.0,-999.0,-999.0
2022-10-09,-999.0,-999.0,-999.0
2022-10-10,-999.0,-999.0,-999.0
2022-10-11,-999.0,-999.0,-999.0
2022-10-12,20.2,9.5,0.0
2022-10-13,20.4,6.5,0.0
2022-10-14,19.6,7.2,1.4
2022-10-15,18.8,10.6,0.0
2022-10-16,19.6,9.2,0.0
2022-10-17,20.2,8.8,0.0
2022-10-18,-999.0,11.0,-999.0
2022-10-19,-999.0,-999.0,-999.0
2022-10-20,20.2,11.2,0.0
2022-10-21,20.6,10.4,0.0
2022-10-22,21.2,7.4,0.0
2022-10-23,19.0,8.4,0.0
2022-10-24,20.2,12.6,0.0
2022-10-25,20.8,10.6,0.0
2022-10-26,-999.0,11.8,-999.0
2022-10-27,-999.0,-999.0,-999.0
2022-10-28,-999.0,-999.0,-999.0
2022-10-29,-999.0,-999.0,-999.0
2022-10-30,-999.0,-999.0,-999.0
2022-10-31,-999.0,-999.0,-999.0
2022-11-01,-999.0,-999.0,-999.0
2022-11-02,-999.0,-999.0,-999.0
2022-11-03,-999.0,-999.0,-999.0
2022-11-04,-999.0,-999.0,-999.0
2022-11-05,-999.0,-999.0,-999.0
2022-11-06,-999.0,-999.0,-999.0
2022-11-07,-999.0,-999.0,-999.0
2022-11-08,-999.0,-999.0,-999.0
2022-11-09,-999.0,-999.0,-999.0
2022-11-10,-999.0,-999.0,-999.0
2022-11-11,-999.0,-999.0,-999.0
2022-11-12,-999.0,-999.0,-999.0
2022-11-13,-999.0,-999.0,-999.0
2022-11-14,-999.0,-999.0,-999.0
2022-11-15,-999.0,-999.0,-999.0
2022-11-16,-999.0,-999.0,-999.0
2022-11-17,-999.0,-999.0,-999.0
2022-11-18,-999.0,-999.0,-999.0
2022-11-19,-999.0,-999.0,-999.0
2022-11-20,-999.0,-999.0,-999.0
2022-11-21,-999.0,-999.0,-999.0
2022-11-22,-999.0,-999.0,-999.0
2022-11-23,-999.0,-999.0,-999.0
2022-11-24,-999.0,-999.0,-999.0
2022-11-25,-999.0,-999.0,-999.0
2022-11-26,-999.0,-999.0,-999.0
2022-11-27,-999.0,-999.0,-999.0
2022-11-28,-999.0,-999.0,-999.0
2022-11-29,-999.0,-999.0,-999.0
2022-11-30,-999.0,-999.0,-999.0
2022-12-01,-999.0,-999.0,-999.0
2022-12-02,-999.0,-999.0,-999.0
2022-12-03,-999.0,-999.0,-999.0
2022-12-04,-999.0,-999.0,-999.0
2022-12-05,-999.0,-999.0,-999.0
2022-12-06,-999.0,-999.0,-999.0
2022-12-07,-999.0,-999.0,-999.0
2022-12-08,-999.0,-999.0,-999.0
2022-12-09,-999.0,-999.0,-999.0
2022-12-10,-999.0,-999.0,-999.0
2022-12-11,-999.0,-999.0,-999.0
2022-12-12,-999.0,-999.0,-999.0
2022-12-13,-999.0,-999.0,-999.0
2022-12-14,-999.0,-999.0,-999.0
2022-12-15,-999.0,-999.0,-999.0
2022-12-16,-999.0,-999.0,-999.0
2022-12-17,-999.0,-999.0,-999.0
2022-12-18,-999.0,-999.0,-999.0
2022-12-19,-999.0,-999.0,-999.0
2022-12-20,-999.0,-999.0,-999.0
2022-12-21,-999.0,-999.0,-999.0
2022-12-22,-999.0,-999.0,-999.0
2022-12-23,-999.0,-999.0,-999.0
2022-12-24,-999.0,-999.0,-999.0
2022-12-25,-999.0,-999.0,-999.0
2022-12-26,-999.0,-999.0,-999.0
2022-12-27,-999.0,-999.0,-999.0
2022-12-28,-999.0,-999.0,-999.0
2022-12-29,-999.0,-999.0,-999.0
2022-12-30,-999.0,-999.0,-999.0
2022-12-31,-999.0,-999.0,-999.0
2023-01-01,-999.0,-999.0,-999.0
2023-01-02,-999.0,-999.0,-999.0
2023-01-03,-999.0,-999.0,-999.0
2023-01-04,-999.0,-999.0,-999.0
2023-01-05,-999.0,-999.0,-999.0
2023-01-06,-999.0,-999.0,-999.0
2023-01-07,-999.0,-999.0,-999.0
2023-01-08,-999.0,-999.0,-999.0
2023-01-09,-999.0,-999.0,-999.0
2023-01-10,-999.0,-999.0,-999.0
2023-01-11,-999.0,-999.0,-999.0
2023-01-12,-999.0,-999.0,-999.0
2023-01-13,-999.0,-999.0,-999.0
2023-01-14,-999.0,-999.0,-999.0
2023-01-15,-999.0,-999.0,-999.0
2023-01-16,-999.0,-999.0,-999.0
2023-01-17,-999.0,-999.0,-999.0
2023-01-18,-999.0,-999.0,-999.0
2023-01-19,-999.0,-999.0,-999.0
2023-01-20,-999.0,-999.0,-999.0
2023-01-21,-999.0,-999.0,-999.0
2023-01-22,-999.0,-999.0,-999.0
2023-01-23,-999.0,-999.0,-999.0
2023-01-24,-999.0,-999.0,-999.0
2023-01-25,-999.0,-999.0,-999.0
2023-01-26,-999.0,-999.0,-999.0
2023-01-27,-999.0,-999.0,-999.0
2023-01-28,-999.0,-999.0,-999.0
2023-01-29,-999.0,-999.0,-999.0
2023-01-30,-999.0,-999.0,-999.0
2023-01-31,-999.0,-999.0,-999.0
2023-02-01,17.4,10.0,0.0
2023-02-02,17.6,11.5,0.8
2023-02-03,17.8,11.4,0.0
2023-02-04,20.0,10.2,0.6
2023-02-05,21.2,8.0,0.0
2023-02-06,18.2,8.8,1.8
2023-02-07,19.8,7.4,0.0
2023-02-08,-999.0,12.0,-999.0
2023-02-09,-999.0,-999.0,-999.0
2023-02-10,-999.0,-999.0,-999.0
2023-02-11,-999.0,-999.0,-999.0
2023-02-12,-999.0,-999.0,-999.0
2023-02-13,-999.0,-999.0,-999.0
2023-02-14,-999.0,-999.0,-999.0
2023-02-15,-999.0,-999.0,-999.0
2023-02-16,-999.0,-999.0,-999.0
2023-02-17,-999.0,-999.0,-999.0
2023-02-18,-999.0,-999.0,-999.0
2023-02-19,-999.0,-999.0,-999.0
2023-02-20,-999.0,-999.0,-999.0
2023-02-21,-999.0,-999.0,-999.0
2023-02-22,-999.0,-999.0,-999.0
2023-02-23,-999.0,-999.0,-999.0
2023-02-24,-999.0,-999.0,-999.0
2023-02-25,-999.0,-999.0,-999.0
2023-02-26,-999.0,-999.0,-999.0
2023-02-27,-999.0,-999.0,-999.0
2023-02-28,-999.0,-999.0,-999.0
2023-03-01,-999.0,-999.0,-999.0
2023-03-02,-999.0,-999.0,-999.0
2023-03-03,-999.0,-999.0,-999.0
2023-03-04,-999.0,-999.0,-999.0
2023-03-05,-999.0,-999.0,-999.0
2023-03-06,-999.0,-999.0,-999.0
2023-03-07,-999.0,-999.0,-999.0
2023-03-08,-999.0,-999.0,-999.0
2023-03-09,-999.0,-999.0,-999.0
2023-03-10,-999.0,-999.0,-999.0
2023-03-11,-999.0,-999.0,-999.0
2023-03-12,-999.0,-999.0,-999.0
2023-03-13,-999.0,-999.0,-999.0
2023-03-14,-999.0,-999.0,-999.0
2023-03-15,-999.0,-999.0,-999.0
2023-03-16,-999.0,-999.0,-999.0
2023-03-17,-999.0,-999.0,-999.0
2023-03-18,-999.0,-999.0,-999.0
2023-03-19,-999.0,-999.0,-999.0
2023-03-20,-999.0,-999.0,-999.0
2023-03-21,-999.0,-999.0,-999.0
2023-03-22,-999.0,-999.0,-999.0
2023-03-23,-999.0,-999.0,-999.0
2023-03-24,-999.0,-999.0,-999.0
2023-03-25,-999.0,-999.0,-999.0
2023-03-26,-999.0,-999.0,-999.0
2023-03-27,-999.0,-999.0,-999.0
2023-03-28,-999.0,-999.0,-999.0
2023-03-29,-999.0,-999.0,-999.0
2023-03-30,-999.0,-999.0,-999.0
2023-03-31,-999.0,-999.0,-999.0
2023-04-01,-999.0,-999.0,-999.0
2023-04-02,-999.0,-999.0,-999.0
2023-04-03,-999.0,-999.0,-999.0
2023-04-04,-999.0,-999.0,-999.0
2023-04-05,-999.0,-999.0,-999.0
2023-04-06,-999.0,-999.0,-999.0
2023-04-07,-999.0,-999.0,-999.0
2023-04-08,-999.0,-999.0,-999.0
2023-04-09,-999.0,-999.0,-999.0
2023-04-10,-999.0,-999.0,-999.0
2023-04-11,-999.0,-999.0,-999.0
2023-04-12,-999.0,-999.0,-999.0
2023-04-13,-999.0,-999.0,-999.0
2023-04-14,-999.0,-999.0,-999.0
2023-04-15,-999.0,-999.0,-999.0
2023-04-16,-999.0,-999.0,-999.0
2023-04-17,-999.0,-999.0,-999.0
2023-04-18,-999.0,-999.0,-999.0
2023-04-19,-999.0,-999.0,-999.0
2023-04-20,-999.0,-999.0,-999.0
2023-04-21,-999.0,-999.0,-999.0
2023-04-22,-999.0,-999.0,-999.0
2023-04-23,-999.0,-999.0,-999.0
2023-04-24,-999.0,-999.0,-999.0
2023-04-25,-999.0,-999.0,-999.0
2023-04-26,-999.0,-999.0,-999.0
2023-04-27,-999.0,-999.0,-999.0
2023-04-28,-999.0,-999.0,-999.0
2023-04-29,-999.0,-999.0,-999.0
2023-04-30,-999.0,-999.0,-999.0
2023-05-01,-999.0,-999.0,-999.0
2023-05-02,-999.0,-999.0,-999.0
2023-05-03,-999.0,-999.0,-999.0
2023-05-04,-999.0,-999.0,-999.0
2023-05-05,-999.0,-999.0,-999.0
2023-05-06,-999.0,-999.0,-999.0
2023-05-07,-999.0,-999.0,-999.0
2023-05-08,-999.0,-999.0,-999.0
2023-05-09,-999.0,-999.0,-999.0
2023-05-10,21.8,12.0,0.8
2023-05-11,21.0,9.8,0.0
2023-05-12,22.2,11.2,0.0
2023-05-13,24.2,9.6,0.0
2023-05-14,21.4,8.6,0.0
2023-05-15,22.2,9.0,0.0
2023-05-16,22.0,8.4,0.0
2023-05-17,21.8,8.6,0.0
2023-05-18,23.6,8.3,0.0
2023-05-19,-999.0,8.5,-999.0
2023-05-20,-999.0,-999.0,-999.0
2023-05-21,-999.0,-999.0,-999.0
2023-05-22,-999.0,-999.0,-999.0
2023-05-23,-999.0,-999.0,-999.0
2023-05-24,-999.0,-999.0,-999.0
2023-05-25,-999.0,-999.0,-999.0
2023-05-26,-999.0,-999.0,-999.0
2023-05-27,-999.0,-999.0,-999.0
2023-05-28,-999.0,-999.0,-999.0
2023-05-29,-999.0,-999.0,-999.0
2023-05-30,-999.0,-999.0,-999.0
2023-05-31,-999.0,-999.0,-999.0
2023-06-01,23.4,7.0,0.0
2023-06-02,21.4,7.0,0.0
2023-06-03,21.6,8.5,0.0
2023-06-04,22.8,7.6,0.0
2023-06-05,23.6,8.4,0.0
2023-06-06,21.6,7.6,0.0
2023-06-07,-999.0,7.8,-999.0
